"INSTITUTION","LINK"
"Fields Institute","http://www.fields.utoronto.ca/"
"University of Edinburgh","http://www.ed.ac.uk/"
"Harvard University","http://math.harvard.edu/"
"Harvard","http://math.harvard.edu/"
"MIT","http://math.mit.edu/"
"Penn State Altoona","http://math.aa.psu.edu/"
"Ludwig-Maximilians-Universität","http://www.mathematik.uni-muenchen.de/"
"UIC","http://www.math.uic.edu/"
"University of Washington","http://www.math.washington.edu/"
"Northwestern University","http://www.math.northwestern.edu/"
"Northwestern","http://www.math.northwestern.edu/"
"UIUC","http://www.math.uiuc.edu/"
"Johns Hopkins University","http://www.mathematics.jhu.edu/new/"
"CUNY","http://math.gc.cuny.edu/index.html"
"University of Minnesota","http://www.math.umn.edu/"
"University of Strasbourg","http://www-irma.u-strasbg.fr/?lang=en"
"Hebrew University","http://www.math.huji.ac.il/"
"WWU Muenster","http://wwwmath.uni-muenster.de/"
"Stanford University","http://math.stanford.edu/"
"University of Copenhagen","http://www.math.ku.dk/english/"
"University of British Columbia","http://www.math.ubc.ca/"
"University of Bonn","http://www.mathematics.uni-bonn.de/"
"University of Oregon","http://math.uoregon.edu/"
"University of Rochester","http://www.math.rochester.edu/"
"UCSD","http://math.ucsd.edu/"
"Indiana University","http://www.math.indiana.edu/"
"University of Louvain","http://wis.kuleuven.be/?lang=eng"
"École Polytechnique Fédérale de Lausanne","http://sma.epfl.ch/"
"Wellesley College","http://www.wellesley.edu/Math/index.html"
"DePaul University","http://las.depaul.edu/math/"
"Universität Bonn","http://www.mathematics.uni-bonn.de/"
"Vassar College","http://math.vassar.edu/"
"Union College","http://www.math.union.edu/"
"Wesleyan University","http://www.math.wesleyan.edu/"
"Georg-August-Universität Göttingen","http://www.math.uni-goettingen.de/Math-Net/"
"Northeastern University","http://www.math.neu.edu/"
"Universität Hamburg","http://www.math.uni-hamburg.de/"
"Universidade Nova de Lisboa","http://www.dmat.fct.unl.pt/"
"University of Western Ontario","http://www.math.uwo.ca/"
"University of Georgia","http://www.math.uga.edu/"
"Michigan State University","http://math.msu.edu/"
"University of Notre Dame","http://math.nd.edu/"
"Lehigh University","http://cas.lehigh.edu/casweb/math"
"University of Southern California","http://math.usc.edu/home/"
"University of Chicago","http://math.uchicago.edu/"
"Chicago","http://math.uchicago.edu/"
"Université de Nice","http://math.unice.fr/"
"Amherst College","http://www.math.amherst.edu/"
"University of Texas","http://math.utexas.edu/"
"Freie Universitat Berlin","http://www.mi.fu-berlin.de/en/math/"
"University of Kentucky","http://math.as.uky.edu/"
"UCLA","https://www.math.ucla.edu/"
"Georgia Tech","https://www.math.gatech.edu"
"Purdue","http://www.math.purdue.edu"
"University of Michigan","http://www.lsa.umich.edu/math/"
"Boston University","http://www.bu.edu/math"
"University of San Diego","http://www.sandiego.edu/cas/math-cs/"
